{
  "train_loss": [
    0.4489150317576566,
    0.3777052769003856,
    0.33247541704213374,
    0.3111440166969761,
    0.2993130126700943,
    0.2859204467836927,
    0.27349878031781266,
    0.26341033382844214,
    0.25782137271190264,
    0.2490724700483974,
    0.24359060184305162,
    0.23839944760615156,
    0.2305313559523064,
    0.22523084965498089,
    0.21936298909578023,
    0.21414946495543202,
    0.20822256064004294,
    0.20069052829811249,
    0.1942274438380307,
    0.18707525241752354,
    0.18278207942094216,
    0.15299490622801487,
    0.14310455572005756,
    0.13454811996476831,
    0.12597709150509684
  ],
  "val_loss": [
    0.40732872841963125,
    0.34755416169985015,
    0.3227490215603985,
    0.31144405501102335,
    0.3184659676765328,
    0.307046754813906,
    0.29609613409682883,
    0.29224971715194076,
    0.2914867390002777,
    0.2895290202169276,
    0.28463384531327146,
    0.2828893372372015,
    0.2919074556053574,
    0.29008047127012,
    0.2784484102210002,
    0.28017481850154363,
    0.29403090432508666,
    0.3083375243108664,
    0.3116898332069169,
    0.30088037319147765,
    0.29238785758836944,
    0.3297909487094452,
    0.34959092936409053,
    0.36717667019189293,
    0.3654472093973587
  ],
  "train_auc": [
    0.7528922755838726,
    0.8361535652280869,
    0.8801730924166724,
    0.8959691228406502,
    0.9037327422742077,
    0.9129385941929673,
    0.9199119194028821,
    0.9260670724150032,
    0.929094449040995,
    0.9338989352317506,
    0.9365310185722825,
    0.939074476680809,
    0.9429843045162128,
    0.9456517499663499,
    0.9484947636195781,
    0.9505569163118922,
    0.9533728422934201,
    0.9563704659410277,
    0.9588069402911141,
    0.9614584547107474,
    0.9630956390917629,
    0.9728185374418544,
    0.9753998220874959,
    0.978057150616945,
    0.9805573599916029
  ],
  "val_auc": [
    0.8225210372337323,
    0.8664756211975384,
    0.8855021311903952,
    0.8948056181351577,
    0.8939961781572261,
    0.8992145600478416,
    0.9089940084002436,
    0.9119941246442217,
    0.911000401245613,
    0.9140228698803219,
    0.9148845862857897,
    0.918120738352045,
    0.9152234673721888,
    0.9159675334465966,
    0.9193626547019086,
    0.9193279060765043,
    0.9165253528974014,
    0.9143359465661287,
    0.9093543268533191,
    0.9141163800376114,
    0.917737548065338,
    0.9122059932000539,
    0.9097502131199576,
    0.9083533107458301,
    0.9070937757571125
  ],
  "val_auc_per_class": [
    {
      "NORM": 0.9294268340247491,
      "MI": 0.8266780372854944,
      "STTC": 0.8572163461538462,
      "CD": 0.8141904627575683,
      "HYP": 0.685093505947003
    },
    {
      "NORM": 0.9365776690423004,
      "MI": 0.8660088177723722,
      "STTC": 0.8984891826923077,
      "CD": 0.8616843400992448,
      "HYP": 0.7696180963814663
    },
    {
      "NORM": 0.9335629188384216,
      "MI": 0.8898134775089793,
      "STTC": 0.9179483173076923,
      "CD": 0.8918680839605585,
      "HYP": 0.7943178583363243
    },
    {
      "NORM": 0.9409052228486331,
      "MI": 0.9060391763744513,
      "STTC": 0.9185600961538462,
      "CD": 0.8993165702855532,
      "HYP": 0.8092070250133049
    },
    {
      "NORM": 0.9392670992447611,
      "MI": 0.8995244294103114,
      "STTC": 0.914376201923077,
      "CD": 0.894878764954032,
      "HYP": 0.8219343952539491
    },
    {
      "NORM": 0.9434058433499982,
      "MI": 0.9147773702514204,
      "STTC": 0.909234375,
      "CD": 0.9058957032402005,
      "HYP": 0.8227595083975889
    },
    {
      "NORM": 0.9456821969294047,
      "MI": 0.9199974819938808,
      "STTC": 0.9315456730769232,
      "CD": 0.9194899280667785,
      "HYP": 0.8282547619342303
    },
    {
      "NORM": 0.9365129596142254,
      "MI": 0.9268566731913114,
      "STTC": 0.9226502403846155,
      "CD": 0.9318609034607445,
      "HYP": 0.8420898465702109
    },
    {
      "NORM": 0.9424564762613907,
      "MI": 0.9191304327169761,
      "STTC": 0.9287944711538461,
      "CD": 0.9240572388413751,
      "HYP": 0.8405633872544773
    },
    {
      "NORM": 0.9436593624791689,
      "MI": 0.9233492807054219,
      "STTC": 0.9310108173076923,
      "CD": 0.9271192091192348,
      "HYP": 0.8449756797900914
    },
    {
      "NORM": 0.9437355955040244,
      "MI": 0.9326100796260048,
      "STTC": 0.9333521634615385,
      "CD": 0.9225403582556515,
      "HYP": 0.8421847345817295
    },
    {
      "NORM": 0.9439447931071163,
      "MI": 0.9324236046445337,
      "STTC": 0.9339290865384615,
      "CD": 0.9329418251291848,
      "HYP": 0.8473643823409285
    },
    {
      "NORM": 0.9455846895720312,
      "MI": 0.9332965926151156,
      "STTC": 0.9248870192307692,
      "CD": 0.9241162215184191,
      "HYP": 0.8482328139246094
    },
    {
      "NORM": 0.9451662943658475,
      "MI": 0.9319093137720682,
      "STTC": 0.9241538461538462,
      "CD": 0.9344638346433471,
      "HYP": 0.8441443782978741
    },
    {
      "NORM": 0.944586568804737,
      "MI": 0.9374097318561031,
      "STTC": 0.9341574519230769,
      "CD": 0.9322699355037248,
      "HYP": 0.8483895854219009
    },
    {
      "NORM": 0.9425335957167678,
      "MI": 0.9344855190893369,
      "STTC": 0.9305396634615385,
      "CD": 0.9321429945248689,
      "HYP": 0.8569377575900097
    },
    {
      "NORM": 0.944578590930043,
      "MI": 0.9352219171053381,
      "STTC": 0.92525,
      "CD": 0.9272538434907487,
      "HYP": 0.8503224129608772
    },
    {
      "NORM": 0.941958302308265,
      "MI": 0.9337906919290777,
      "STTC": 0.9261574519230769,
      "CD": 0.9241828975881212,
      "HYP": 0.8455903890821029
    },
    {
      "NORM": 0.9406517037194624,
      "MI": 0.9304388932175367,
      "STTC": 0.9046454326923078,
      "CD": 0.9202387516188181,
      "HYP": 0.8507968530184702
    },
    {
      "NORM": 0.9408662199056838,
      "MI": 0.9226247600767753,
      "STTC": 0.9220228365384614,
      "CD": 0.9264883509212838,
      "HYP": 0.8585797327458529
    },
    {
      "NORM": 0.9435184200262383,
      "MI": 0.931099275954467,
      "STTC": 0.9282247596153846,
      "CD": 0.9346895074946466,
      "HYP": 0.8511557772359535
    },
    {
      "NORM": 0.9341355529553593,
      "MI": 0.9304187016590335,
      "STTC": 0.9122632211538463,
      "CD": 0.9334342022592931,
      "HYP": 0.8507782879727381
    },
    {
      "NORM": 0.9375017728610432,
      "MI": 0.9255442218885996,
      "STTC": 0.9198629807692308,
      "CD": 0.9215966354229441,
      "HYP": 0.84424545465797
    },
    {
      "NORM": 0.9372699712796511,
      "MI": 0.9254598924383801,
      "STTC": 0.9150240384615386,
      "CD": 0.9244290861531753,
      "HYP": 0.839583565396405
    },
    {
      "NORM": 0.9321393114207708,
      "MI": 0.9231402386879761,
      "STTC": 0.9064375,
      "CD": 0.9282026952518945,
      "HYP": 0.8455491334249208
    }
  ],
  "test_auc": 0.9197829058511221,
  "test_auc_per_class": {
    "NORM": 0.9438403584849611,
    "MI": 0.9322518381507146,
    "STTC": 0.9273556376902031,
    "CD": 0.9198969480776853,
    "HYP": 0.8755697468520461
  }
}