{
  "config": {},
  "test_metrics": {
    "loss": 0.3248399305431282,
    "auc_macro": 0.8640607736355449,
    "auc_micro": 0.8880447008428242,
    "auprc_macro": 0.6181031565850635
  },
  "best_val_auc": 0.8626823296316731
}